name,classification,election_name,election_date,description,created_at,updated_at,ocd_contest_id,ocd_election_id,calaccess_measure_id
"SB 3 (CHAPTER 365, STATUTES OF 2017), BEALL. VETERANS AND AFFORDABLE HOUSING BOND ACT OF 2018.",ballot measure,2018 GENERAL,2018-11-06,"",2017-11-08 16:42:01.523275+00,2017-11-08 16:42:01.523297+00,ocd-contest/af6bf281-2832-4535-ab06-5bdd1f4c54ad,ocd-election/939fae9d-cf35-438c-89ee-931063275696,1400044
"ACA 17 (RESOLUTION CHAPTER 190, STATUTES OF 2017), MULLIN. BALLOT MEASURES: EFFECTIVE DATE.",ballot measure,2018 PRIMARY,2018-06-05,"",2017-11-08 16:42:01.361874+00,2019-05-09 13:53:28.975584+00,ocd-contest/0c2a8aed-5728-4445-9410-cfb3fb31eb84,ocd-election/0f7a6b2f-b7c8-4c52-af8e-797208c0599c,1400043
"ACA 1 (RESOLUTION CHAPTER 105, STATUTES OF 2017), MAYES. GREENHOUSE GAS REDUCTION RESERVE FUND.",ballot measure,2018 PRIMARY,2018-06-05,"",2017-11-08 16:42:01.420578+00,2019-05-09 13:53:28.987811+00,ocd-contest/95204483-e7ab-45ba-a966-f77f29cc8906,ocd-election/0f7a6b2f-b7c8-4c52-af8e-797208c0599c,1400041
"ACA 5 (RESOLUTION CHAPTER 30, STATUTES OF 2017), FRAZIER. MOTOR VEHICLE FEES AND TAXES: RESTRICTION ON EXPENDITURES: APPROPRIATIONS LIMIT.",ballot measure,2018 PRIMARY,2018-06-05,"",2017-11-08 16:42:01.455466+00,2019-05-09 13:53:28.999951+00,ocd-contest/bfba9916-7da5-4806-9812-baf32ce0ffaf,ocd-election/0f7a6b2f-b7c8-4c52-af8e-797208c0599c,1400040
"PROPOSITION 072 - SCA 9 (RESOLUTION CHAPTER 1, STATUTES OF 2018), GLAZER. PROPERTY TAX: NEW CONSTRUCTION EXCLUSION: RAIN WATER CAPTURE SYSTEM.",ballot measure,2018 PRIMARY,2018-06-05,"",2018-02-02 16:43:23.560682+00,2019-05-09 13:53:28.435744+00,ocd-contest/98d2af38-4dd8-4461-99a1-e274145783c5,ocd-election/0f7a6b2f-b7c8-4c52-af8e-797208c0599c,1401953
"SB 5 (CHAPTER 852, STATUTES OF 2017), DE LEON. CALIFORNIA DROUGHT, WATER, PARKS, CLIMATE, COASTAL PROTECTION, AND OUTDOOR ACCESS FOR ALL ACT OF 2018.",ballot measure,2018 PRIMARY,2018-06-05,"",2017-11-08 16:42:01.489348+00,2019-05-09 13:53:28.448096+00,ocd-contest/6aa84df2-ff80-4ccb-9b03-2ded1cd45af4,ocd-election/0f7a6b2f-b7c8-4c52-af8e-797208c0599c,1400042
PROPOSITION 051 - SCHOOL BONDS. FUNDING FOR K-12 SCHOOL AND COMMUNITY COLLEGE FACILITIES. INITIATIVE STATUTORY AMENDMENT.,initiative,2016 GENERAL,2016-11-08,"",2017-10-25 02:25:11.268353+00,2017-10-25 02:25:11.268373+00,ocd-contest/f0b1e5e8-e48e-4443-a83e-3f4dfffe4a4f,ocd-election/c3c93cf9-3c53-4880-85ec-9f06e3b32121,1376258
PROPOSITION 052 - STATE FEES ON HOSPITALS. FEDERAL MEDI-CAL MATCHING FUNDS. INITIATIVE STATUTORY AND CONSTITUTIONAL AMENDMENT.,initiative,2016 GENERAL,2016-11-08,"",2017-10-25 02:25:11.296806+00,2017-10-25 02:25:11.296826+00,ocd-contest/690738d0-b07c-4674-9bf6-88b14546753b,ocd-election/c3c93cf9-3c53-4880-85ec-9f06e3b32121,1362198
PROPOSITION 053 - REVENUE BONDS. STATEWIDE VOTER APPROVAL. INITIATIVE CONSTITUTIONAL AMENDMENT.,initiative,2016 GENERAL,2016-11-08,"",2017-10-25 02:25:11.324864+00,2017-10-25 02:25:11.324884+00,ocd-contest/603cc9ae-eaa8-4304-bfaf-699b19323114,ocd-election/c3c93cf9-3c53-4880-85ec-9f06e3b32121,1376142
PROPOSITION 054 - LEGISLATURE. LEGISLATION AND PROCEEDINGS. INITIATIVE CONSTITUTIONAL AMENDMENT AND STATUTE.,initiative,2016 GENERAL,2016-11-08,"",2017-10-25 02:25:11.353072+00,2017-10-25 02:25:11.353092+00,ocd-contest/ddc0c1bc-3ed4-4c32-9da6-993496bdab40,ocd-election/c3c93cf9-3c53-4880-85ec-9f06e3b32121,1381642
PROPOSITION 055 - TAX EXTENSION TO FUND EDUCATION AND HEALTHCARE. INITIATIVE CONSTITUTIONAL AMENDMENT.,initiative,2016 GENERAL,2016-11-08,"",2017-10-25 02:25:11.381729+00,2017-10-25 02:25:11.381751+00,ocd-contest/b75483b3-8e92-4b19-9dae-829723a683f7,ocd-election/c3c93cf9-3c53-4880-85ec-9f06e3b32121,1382647
"PROPOSITION 056 - CIGARETTE TAX TO FUND HEALTHCARE, TOBACCO USE PREVENTION, RESEARCH, AND LAW ENFORCEMENT. INITIATIVE CONSTITUTIONAL AMENDMENT AND STATUTE.",initiative,2016 GENERAL,2016-11-08,"",2017-10-25 02:25:11.410338+00,2017-10-25 02:25:11.410359+00,ocd-contest/68cc7714-0bfa-4278-a903-857338224222,ocd-election/c3c93cf9-3c53-4880-85ec-9f06e3b32121,1381640
PROPOSITION 057 - CRIMINAL SENTENCES. JUVENILE CRIMINAL PROCEEDINGS AND SENTENCING. INITIATIVE CONSTITUTIONAL AMENDMENT AND STATUTE.,initiative,2016 GENERAL,2016-11-08,"",2017-10-25 02:25:11.438828+00,2017-10-25 02:25:11.438848+00,ocd-contest/15a01530-a643-427a-bb24-a671e0ec253f,ocd-election/c3c93cf9-3c53-4880-85ec-9f06e3b32121,1383319
"PROPOSITION 058 - SB 1174 (CHAPTER 753, STATUTES OF 2014), LARA. ENGLISH LANGUAGE EDUCATION",ballot measure,2016 GENERAL,2016-11-08,"",2017-10-25 02:25:11.467947+00,2017-10-25 02:25:11.46798+00,ocd-contest/9fc00473-640f-4287-8046-d664f0f2af25,ocd-election/c3c93cf9-3c53-4880-85ec-9f06e3b32121,1382395
"PROPOSITION 059- SB 254 (CHAPTER 20, STATUTES OF 2016), ALLEN. CAMPAIGN FINANCE: VOTER INSTRUCTION",ballot measure,2016 GENERAL,2016-11-08,"",2017-10-25 02:25:11.497288+00,2017-10-25 02:25:11.497308+00,ocd-contest/fd863b4a-8407-4685-a117-f3513827b930,ocd-election/c3c93cf9-3c53-4880-85ec-9f06e3b32121,1386783
PROPOSITION 060- ADULT FILMS. CONDOMS. HEALTH REQUIREMENTS. INITIATIVE STATUTE.,initiative,2016 GENERAL,2016-11-08,"",2017-10-25 02:25:11.526237+00,2017-10-25 02:25:11.526257+00,ocd-contest/e70c4b85-7ef6-43e1-9d18-42d944ff4552,ocd-election/c3c93cf9-3c53-4880-85ec-9f06e3b32121,1376195
PROPOSITION 061- STATE PRESCRIPTION DRUG PURCHASES. PRICING STANDARDS. INITIATIVE STATUTE.,initiative,2016 GENERAL,2016-11-08,"",2017-10-25 02:25:11.555573+00,2017-10-25 02:25:11.555593+00,ocd-contest/88dcdc41-22f4-4632-b696-2ad0e03a4649,ocd-election/c3c93cf9-3c53-4880-85ec-9f06e3b32121,1377343
PROPOSITION 062- DEATH PENALTY. INITIATIVE STATUTE.,initiative,2016 GENERAL,2016-11-08,"",2017-10-25 02:25:11.584746+00,2017-10-25 02:25:11.584766+00,ocd-contest/a5b9ee0c-67b1-46ce-b261-b998a66ce482,ocd-election/c3c93cf9-3c53-4880-85ec-9f06e3b32121,1381268
PROPOSITION 063- FIREARMS. AMMUNITION SALES. INTIATIVE STATUTE.,ballot measure,2016 GENERAL,2016-11-08,"",2017-10-25 02:25:11.614153+00,2017-10-25 02:25:11.614173+00,ocd-contest/b761ba0d-a7c4-4b7d-91df-2440a2bf512e,ocd-election/c3c93cf9-3c53-4880-85ec-9f06e3b32121,1381803
PROPOSITION 064- MARIJUANA LEGALIZATION. INITIATIVE STATUTE.,initiative,2016 GENERAL,2016-11-08,"",2017-10-25 02:25:11.642933+00,2017-10-25 02:25:11.642953+00,ocd-contest/b551d550-c6c9-485b-ae12-5af8648a2718,ocd-election/c3c93cf9-3c53-4880-85ec-9f06e3b32121,1381868
PROPOSITION 065- CARRY-OUT BAGS. CHARGES. INITIATIVE STATUTE.,initiative,2016 GENERAL,2016-11-08,"",2017-10-25 02:25:11.670583+00,2017-10-25 02:25:11.670604+00,ocd-contest/c5b6a702-a7e5-4b57-a379-4038e99fd04b,ocd-election/c3c93cf9-3c53-4880-85ec-9f06e3b32121,1381520
PROPOSITION 066- DEATH PENALTY. PROCEDURES. INITIATIVE STATUTE.,initiative,2016 GENERAL,2016-11-08,"",2017-10-25 02:25:11.698419+00,2017-10-25 02:25:11.698439+00,ocd-contest/b18ddb82-86fa-4f53-9f35-50522c858bd2,ocd-election/c3c93cf9-3c53-4880-85ec-9f06e3b32121,1381724
PROPOSITION 067- REFERENDUM TO OVERTURN BAN ON SINGLE-USE PLASTIC BAGS.,referendum,2016 GENERAL,2016-11-08,"",2017-10-25 02:25:11.727396+00,2017-10-25 02:25:11.727416+00,ocd-contest/207573a6-c2f5-45ba-971a-a25433ef087c,ocd-election/c3c93cf9-3c53-4880-85ec-9f06e3b32121,1372638
"PROPOSITION 050 - SCA 17 (RESOLUTION CHAPTER 127, STATUTES OF 2014), STEINBERG. MEMBERS OF THE LEGISLATURE: SUSPENSION",ballot measure,2016 PRIMARY,2016-06-07,"",2017-10-25 02:25:11.240854+00,2017-10-25 02:25:11.240874+00,ocd-contest/95788f0e-6569-43c0-a8b4-cef60cf484b5,ocd-election/09b673bf-28ee-465d-888d-0d9c291e6b7c,1382394
"PROPOSITION 001 - AB 1471 WATER QUALITY, SUPPLY AND INFRASTRUCTURE IMPROVEMENT ACT OF 2014",ballot measure,2014 GENERAL,2014-11-04,"",2017-10-25 02:25:10.707137+00,2017-10-25 02:25:10.707157+00,ocd-contest/c2cb9d5f-b4fe-4595-8db6-a5c66e618680,ocd-election/ff56a0e0-aad7-416d-80a5-a659941d1a7a,1369617
PROPOSITION 002 - STATE RESERVE POLICY.,ballot measure,2014 GENERAL,2014-11-04,"",2017-10-25 02:25:10.73533+00,2017-10-25 02:25:10.73535+00,ocd-contest/b4df4577-6b74-49a2-b089-af0dd3a4aecf,ocd-election/ff56a0e0-aad7-416d-80a5-a659941d1a7a,1339806
PROPOSITION 045 - APPROVAL OF HEALTHCARE INSURANCE RATE CHANGES. INITIATIVE STATUTE.,initiative,2014 GENERAL,2014-11-04,"",2017-10-25 02:25:10.763575+00,2017-10-25 02:25:10.763596+00,ocd-contest/cb022d8e-61b9-4fa5-b797-1a452228a06c,ocd-election/ff56a0e0-aad7-416d-80a5-a659941d1a7a,1343429
PROPOSITION 046 - DRUG AND ALCOHOL TESTING OF DOCTORS. MEDICAL NEGLIGENCE LAWSUITS. INITIATIVE STATUTE.,initiative,2014 GENERAL,2014-11-04,"",2017-10-25 02:25:10.7913+00,2017-10-25 02:25:10.79132+00,ocd-contest/d8d82ad1-8663-4694-9425-feccd4ee6326,ocd-election/ff56a0e0-aad7-416d-80a5-a659941d1a7a,1361585
PROPOSITION 047 - CRIMINAL SENTENCES. MISDEMEANOR PENALTIES. INITIATIVE STATUTE.,initiative,2014 GENERAL,2014-11-04,"",2017-10-25 02:25:10.819918+00,2017-10-25 02:25:10.819938+00,ocd-contest/0a8e297d-dccb-4ab1-9d10-d9cdb1214c0d,ocd-election/ff56a0e0-aad7-416d-80a5-a659941d1a7a,1363898
PROPOSITION 048 - REFERENDUM TO OVERTURN INDIAN GAMING COMPACTS.,referendum,2014 GENERAL,2014-11-04,"",2017-10-25 02:25:10.84798+00,2017-10-25 02:25:10.848+00,ocd-contest/27166e6b-33a8-4d95-ba99-450ece1398db,ocd-election/ff56a0e0-aad7-416d-80a5-a659941d1a7a,1359095
PROPOSITION 041 - VETERANS HOUSING AND HOMELESS PREVENTION BOND ACT OF 2014,ballot measure,2014 PRIMARY,2014-06-03,"",2017-10-25 02:25:10.651583+00,2017-10-25 02:25:10.651603+00,ocd-contest/8828ac96-f535-44f2-96be-a5c358b7079c,ocd-election/b8a13c52-1fe1-42f2-a548-7ade88d8ae7e,1361706
PROPOSITION 042 - PUBLIC INFORMATION. OPEN MEETINGS. STATE REIMBURSEMENT TO LOCAL AGENCIES. LEGISLATIVE CONSTITUTIONAL AMENDMENT.,ballot measure,2014 PRIMARY,2014-06-03,"",2017-10-25 02:25:10.679601+00,2017-10-25 02:25:10.679621+00,ocd-contest/f7823168-0efd-46b4-ba6b-95392c78f6b3,ocd-election/b8a13c52-1fe1-42f2-a548-7ade88d8ae7e,1361705
PROPOSITION 030 - TEMPORARY TAXES TO FUND EDUCATION. GUARANTEED LOCAL PUBLIC SAFETY FUNDING. INITIATIVE CONSTITUTIONAL AMENDMENT.,initiative,2012 GENERAL,2012-11-06,"",2017-10-25 02:25:09.652034+00,2017-10-25 02:25:09.652054+00,ocd-contest/9c81526c-061e-4361-af39-8fee1d476415,ocd-election/e9bfa94f-8c18-4224-9dde-7575864f7f98,1346100
PROPOSITION 031 - STATE BUDGET. STATE AND LOCAL GOVERNMENT. INITIATIVE CONSTITUTIONAL AMENDMENT AND STATUTE.,initiative,2012 GENERAL,2012-11-06,"",2017-10-25 02:25:09.68037+00,2017-10-25 02:25:09.680391+00,ocd-contest/c4952ece-4910-4765-874b-b9ecfe8a7181,ocd-election/e9bfa94f-8c18-4224-9dde-7575864f7f98,1343403
PROPOSITION 032 - PROHIBITS POLITICAL CONTRIBUTIONS BY PAYROLL DEDUCTIONS. PROHIBITIONS ON CONTRIBUTIONS TO CANDIDATES. INITIATIVE STATUTE.,initiative,2012 GENERAL,2012-11-06,"",2017-10-25 02:25:09.709448+00,2017-10-25 02:25:09.709469+00,ocd-contest/8ddd0b05-ddf3-4b1a-9f7c-93a368e5f24e,ocd-election/e9bfa94f-8c18-4224-9dde-7575864f7f98,1338955
PROPOSITION 033 - CHANGES LAW TO ALLOW AUTO INSURANCE COMPANIES TO SET PRICES BASED ON A DRIVER'S HISTORY OF INSURANCE COVERAGE. INITIATIVE STATUTE.,initiative,2012 GENERAL,2012-11-06,"",2017-10-25 02:25:09.737339+00,2017-10-25 02:25:09.737359+00,ocd-contest/c9d9f8ba-de4e-4adc-9fb0-8d62643f8fd5,ocd-election/e9bfa94f-8c18-4224-9dde-7575864f7f98,1340657
PROPOSITION 034 - DEATH PENALTY REPEAL. INITIATIVE STATUTE.,initiative,2012 GENERAL,2012-11-06,"",2017-10-25 02:25:09.765942+00,2017-10-25 02:25:09.765963+00,ocd-contest/415a3383-c25d-4e17-8f87-cf902519287b,ocd-election/e9bfa94f-8c18-4224-9dde-7575864f7f98,1342580
PROPOSITION 035 - HUMAN TRAFFICKING. PENALTIES. SEX OFFENDER REGISTRATION. INITIATIVE STATUTE.,initiative,2012 GENERAL,2012-11-06,"",2017-10-25 02:25:09.794541+00,2017-10-25 02:25:09.794561+00,ocd-contest/55b6c570-4343-4dc1-a198-2d4fcb8f4cb1,ocd-election/e9bfa94f-8c18-4224-9dde-7575864f7f98,1343414
PROPOSITION 036 - THREE STRIKES LAW. SENTENCING FOR REPEAT FELONY OFFENDERS. INITIATIVE STATUTE.,initiative,2012 GENERAL,2012-11-06,"",2017-10-25 02:25:09.823347+00,2017-10-25 02:25:09.823368+00,ocd-contest/f8880aed-0f83-4c87-bd1c-805c749a0d58,ocd-election/e9bfa94f-8c18-4224-9dde-7575864f7f98,1343487
PROPOSITION 037 - GENETICALLY ENGINEERED FOODS. MANDATORY LABELING. INITIATIVE STATUTE.,initiative,2012 GENERAL,2012-11-06,"",2017-10-25 02:25:09.851705+00,2017-10-25 02:25:09.851725+00,ocd-contest/23782d41-9cba-4e6f-8e24-423ea0696507,ocd-election/e9bfa94f-8c18-4224-9dde-7575864f7f98,1344799
PROPOSITION 038 - TAX FOR EARLY EDUCATION AND EARLY CHILDHOOD PROGRAMS. INITIATIVE STATUTE.,initiative,2012 GENERAL,2012-11-06,"",2017-10-25 02:25:09.880903+00,2017-10-25 02:25:09.880923+00,ocd-contest/ff9213ba-a7f0-410f-b2a9-f0ed4e0f40ff,ocd-election/e9bfa94f-8c18-4224-9dde-7575864f7f98,1345063
PROPOSITION 039 - TAX TREATMENT FOR MULTISTATE BUSINESSES. CLEAN ENERGY AND ENERGY EFFICIENCY FUNDING. INITIATIVE STATUTE.,initiative,2012 GENERAL,2012-11-06,"",2017-10-25 02:25:09.909109+00,2017-10-25 02:25:09.90913+00,ocd-contest/01f18a2e-3f7b-4117-a991-905d603436fa,ocd-election/e9bfa94f-8c18-4224-9dde-7575864f7f98,1343442
PROPOSITION 040 - REDISTRICTING. STATE SENATE DISTRICTS. REFERENDUM.,referendum,2012 GENERAL,2012-11-06,"",2017-10-25 02:25:09.937118+00,2017-10-25 02:25:09.937138+00,ocd-contest/0cb3e3ad-36e7-4c0a-ac4a-95aea07fb5b9,ocd-election/e9bfa94f-8c18-4224-9dde-7575864f7f98,1341037
PROPOSITION 028 - LIMITS ON LEGISLATORS' TERMS IN OFFICE. INITIATIVE CONSTITUTIONAL AMENDMENT.,initiative,2012 PRIMARY,2012-06-05,"",2017-10-25 02:25:09.965646+00,2017-10-25 02:25:09.965667+00,ocd-contest/92c675da-08f8-4357-969d-b44c6d81baf3,ocd-election/cfc57af6-ceaf-450c-8fee-52ca127d9af8,1323006
PROPOSITION 029 - IMPOSES ADDITIONAL TAX ON CIGARETTES FOR CANCER RESEARCH. INITIATIVE STATUTE.,initiative,2012 PRIMARY,2012-06-05,"",2017-10-25 02:25:09.993886+00,2017-10-25 02:25:09.993907+00,ocd-contest/09a12e13-01da-44c8-a266-621c7a179d90,ocd-election/cfc57af6-ceaf-450c-8fee-52ca127d9af8,1324462
PROPOSITION 019 - CHANGES CALIFORNIA LAW TO LEGALIZE MARIJUANA AND ALLOW IT TO BE REGULATED AND TAXED.,ballot measure,2010 GENERAL,2010-11-02,"",2017-10-25 02:25:13.420068+00,2017-10-25 02:25:13.420089+00,ocd-contest/8679ace3-21fb-4962-84f1-458190861ccc,ocd-election/eba4e8be-e78d-465e-9ce0-858c56c76e22,1321713
PROPOSITION 020 - REDISTRICTING OF CONGRESSIONAL DISTRICTS.,ballot measure,2010 GENERAL,2010-11-02,"",2017-10-25 02:25:13.448763+00,2017-10-25 02:25:13.448783+00,ocd-contest/e9e4a783-6fac-422d-bbe0-54669789bd81,ocd-election/eba4e8be-e78d-465e-9ce0-858c56c76e22,1322428
PROPOSITION 021 - ESTABLISHES $18 ANNUAL VEHICLE LICENSE SURCHARGE TO HELP FUND STATE PARKS AND WILDLIFE PROGRAMS AND GRANTS FREE ADMISSION TO ALL STATE PARKS TO SURCHARGED VEHICLES.,ballot measure,2010 GENERAL,2010-11-02,"",2017-10-25 02:25:13.47652+00,2017-10-25 02:25:13.476541+00,ocd-contest/785737c4-182b-4932-a209-53f68d5e6826,ocd-election/eba4e8be-e78d-465e-9ce0-858c56c76e22,1323361
PROPOSITION 022 - PROHIBITS THE STATE FROM TAKING FUNDS USED FOR TRANSPORTATION OR LOCAL GOVERNMENT PROJECTS AND SERVICES.,ballot measure,2010 GENERAL,2010-11-02,"",2017-10-25 02:25:13.503883+00,2017-10-25 02:25:13.503903+00,ocd-contest/8ab7750e-abfd-45c4-b1eb-8d05c458d44a,ocd-election/eba4e8be-e78d-465e-9ce0-858c56c76e22,1323281
PROPOSITION 023 - SUSPENDS AIR POLLUTION CONTROL LAWS REQUIRING MAJOR POLLUTERS TO REPORT AND REDUCE GREENHOUSE GAS EMISSIONS THAT CAUSE GLOBAL WARMING UNTIL UNEMPLOYMENT DROPS BELOW SPECIFIED LEVEL,ballot measure,2010 GENERAL,2010-11-02,"",2017-10-25 02:25:13.531408+00,2017-10-25 02:25:13.531428+00,ocd-contest/6b0cd389-0d61-4109-b946-f7162e05eda2,ocd-election/eba4e8be-e78d-465e-9ce0-858c56c76e22,1324800
"PROPOSITION 024 - REPEALS RECENT LEGISLATION THAT WOULD ALLOW BUSINESSES TO CARRY BACK LOSSES, SHARE TAX CREDITS, AND USE A SALES-BASED INCOME CALCULATION TO LOWER TAXABLE INCOME.",ballot measure,2010 GENERAL,2010-11-02,"",2017-10-25 02:25:13.559036+00,2017-10-25 02:25:13.559056+00,ocd-contest/df1df5a8-c5f9-47f6-9181-7918584fd6c6,ocd-election/eba4e8be-e78d-465e-9ce0-858c56c76e22,1323279
PROPOSITION 025 - CHANGES LEGISLATIVE VOTE REQUIREMENT TO PASS A BUDGET FROM TWO-THIRDS TO A SIMPLE MAJORITY. RETAINS TWO-THIRDS VOTE REQUIREMENT FOR TAXES.,ballot measure,2010 GENERAL,2010-11-02,"",2017-10-25 02:25:13.586301+00,2017-10-25 02:25:13.586321+00,ocd-contest/23421c8f-9fd3-4870-8f9e-46d0e81a1b3e,ocd-election/eba4e8be-e78d-465e-9ce0-858c56c76e22,1323274
PROPOSITION 026 - INCREASES LEGISLATIVE VOTE REQUIREMENT TO TWO-THIRDS FOR STATE LEVIES & CHARGES. IMPOSES ADDITIONAL REQUIREMENT FOR VOTERS TO APPROVE LOCAL LEVIES & CHARGES WITH LIMITED EXCEPTIONS.,ballot measure,2010 GENERAL,2010-11-02,"",2017-10-25 02:25:13.613458+00,2017-10-25 02:25:13.613478+00,ocd-contest/02adcd65-3450-4dcd-9217-7b2f8ba65bc9,ocd-election/eba4e8be-e78d-465e-9ce0-858c56c76e22,1323965
PROPOSITION 027 - ELIMINATES STATE COMMISSION ON REDISTRICTING. CONSOLIDATES AUTHORITY FOR REDISTRICTING WITH ELECTED REPRESENTATIVES.,ballot measure,2010 GENERAL,2010-11-02,"",2017-10-25 02:25:13.640835+00,2017-10-25 02:25:13.640856+00,ocd-contest/c7914b01-f67f-4a13-b5e7-1fe87129123b,ocd-election/eba4e8be-e78d-465e-9ce0-858c56c76e22,1324469
PROPOSITION 013 - PROPERTY TAX: NEW CONSTRUCTION EXCLUSION: SEISMIC RETROFITTING.,ballot measure,2010 PRIMARY,2010-06-08,"",2017-10-25 02:25:13.013504+00,2017-10-25 02:25:13.013524+00,ocd-contest/5d21104f-ba7f-4934-8a2e-b1fd6d736365,ocd-election/761eb9fe-7905-441f-a35b-91ad58f2fd26,1316063
PROPOSITION 014 - ELECTIONS: OPEN PRIMARIES.,ballot measure,2010 PRIMARY,2010-06-08,"",2017-10-25 02:25:13.042383+00,2017-10-25 02:25:13.042403+00,ocd-contest/acb555f3-440f-4ccd-b7cf-720f5185e586,ocd-election/761eb9fe-7905-441f-a35b-91ad58f2fd26,1316969
PROPOSITION 015 - POLITICAL REFORM ACT OF 1974: CALIFORNIA FAIR ELECTIONS ACT OF 2008.,ballot measure,2010 PRIMARY,2010-06-08,"",2017-10-25 02:25:13.071544+00,2017-10-25 02:25:13.071564+00,ocd-contest/b61c1e24-2961-417a-b4fe-9725b81446de,ocd-election/761eb9fe-7905-441f-a35b-91ad58f2fd26,1316967
PROPOSITION 016 - NEW TWO-THIRDS VOTE REQUIREMENT FOR LOCAL PUBLIC ELECTRICITY PROVIDERS.,ballot measure,2010 PRIMARY,2010-06-08,"",2017-10-25 02:25:13.099805+00,2017-10-25 02:25:13.099825+00,ocd-contest/265f5124-9fdc-4f87-a4cb-40ec7b3b4a88,ocd-election/761eb9fe-7905-441f-a35b-91ad58f2fd26,1321695
PROPOSITION 017 - ALLOWS AUTO INSURANCE COMPANIES TO BASE THEIR PRICES IN PART ON A DRIVER'S HISTORY OF INSURANCE COVERAGE.,ballot measure,2010 PRIMARY,2010-06-08,"",2017-10-25 02:25:13.128457+00,2017-10-25 02:25:13.128477+00,ocd-contest/65f6df82-dbce-4271-8535-751def87c88d,ocd-election/761eb9fe-7905-441f-a35b-91ad58f2fd26,1322446
"PROPOSITION 001A - STATE BUDGET. CHANGES CALIFORNIA BUDGET PROCESS. LIMITS STATE SPENDING. INCREASES ""RAINY DAY "" BUDGET STABILIZATION FUND.",ballot measure,2009 SPECIAL ELECTION,2009-05-19,"",2017-10-25 02:25:13.156778+00,2017-10-25 02:25:13.156799+00,ocd-contest/e59de320-3089-4efb-8f30-02586a003f83,ocd-election/29ed0a7a-96ff-40e2-8997-41e90b3861de,1316044
PROPOSITION 001B - EDUCATION FUNDING. PAYMENT PLAN.,ballot measure,2009 SPECIAL ELECTION,2009-05-19,"",2017-10-25 02:25:13.18514+00,2017-10-25 02:25:13.185162+00,ocd-contest/9712f86e-0430-4804-adc7-eec80d738c84,ocd-election/29ed0a7a-96ff-40e2-8997-41e90b3861de,1316047
PROPOSITION 001C -  LOTTERY MODERNIZATION ACT.,ballot measure,2009 SPECIAL ELECTION,2009-05-19,"",2017-10-25 02:25:13.216332+00,2017-10-25 02:25:13.216356+00,ocd-contest/d0588cec-c61a-45a8-9009-052d0d3af71f,ocd-election/29ed0a7a-96ff-40e2-8997-41e90b3861de,1316048
PROPOSITION 001D - PROTECTS CHILDREN'S SERVICES FUNDING. HELPS BALANCE STATE BUDGET.,ballot measure,2009 SPECIAL ELECTION,2009-05-19,"",2017-10-25 02:25:13.271533+00,2017-10-25 02:25:13.271553+00,ocd-contest/cec32a0b-cbd9-4b33-9fac-cf731e57f899,ocd-election/29ed0a7a-96ff-40e2-8997-41e90b3861de,1316060
PROPOSITION 001E - MENTAL HEALTH SERVICES FUNDING. TEMPORARY REALLOCATION. HELPS BALANCE STATE BUDGET.,ballot measure,2009 SPECIAL ELECTION,2009-05-19,"",2017-10-25 02:25:13.363846+00,2017-10-25 02:25:13.363866+00,ocd-contest/0f96c9a8-11f1-44bc-a1c7-3c85b3d5d448,ocd-election/29ed0a7a-96ff-40e2-8997-41e90b3861de,1316061
PROPOSITION 001F - ELECTED OFFICIALS' SALARIES. PREVENTS PAY INCREASES DURING BUDGET DEFICIT YEARS.,ballot measure,2009 SPECIAL ELECTION,2009-05-19,"",2017-10-25 02:25:13.391737+00,2017-10-25 02:25:13.391757+00,ocd-contest/e4737928-5857-4de5-a48b-c61377fb6a96,ocd-election/29ed0a7a-96ff-40e2-8997-41e90b3861de,1316062
"PROPOSITION 001A - SAFE, RELIABLE HIGH-SPEED PASSENGER TRAIN BOND ACT.",ballot measure,2008 GENERAL,2008-11-04,"",2017-10-25 02:25:12.008997+00,2017-10-25 02:25:12.009017+00,ocd-contest/3b8f4a3b-1722-4b1d-8c5b-416119952ee8,ocd-election/abee92f4-d008-4f63-8b4d-02f022576994,1310496
PROPOSITION 002 - STANDARDS FOR CONFINING FARM ANIMALS. INITIATIVE STATUTE.,initiative,2008 GENERAL,2008-11-04,"",2017-10-25 02:25:12.037293+00,2017-10-25 02:25:12.037314+00,ocd-contest/aa08bbff-9978-4826-9a67-7bff4e13f1e9,ocd-election/abee92f4-d008-4f63-8b4d-02f022576994,1301652
PROPOSITION 003 - CHILDREN'S HOSPITAL BOND ACT. GRANT PROGRAM. INITIATIVE STATUTE.,initiative,2008 GENERAL,2008-11-04,"",2017-10-25 02:25:12.065303+00,2017-10-25 02:25:12.065323+00,ocd-contest/9f091b5c-2239-4ca7-9d04-d6e036d1c9ec,ocd-election/abee92f4-d008-4f63-8b4d-02f022576994,1301126
PROPOSITION 004 - WAITING PERIOD AND PARENTAL NOTIFICATION BEFORE TERMINATION OF MINOR'S PREGNANCY. INITIATIVE CONSTITUTIONAL AMENDMENT.,initiative,2008 GENERAL,2008-11-04,"",2017-10-25 02:25:12.09453+00,2017-10-25 02:25:12.09455+00,ocd-contest/c244658e-7d18-4eac-85b0-05926a366733,ocd-election/abee92f4-d008-4f63-8b4d-02f022576994,1302575
"PROPOSITION 005 - NONVIOLENT DRUG OFFENSES. SENTENCING, PAROLE AND REHABILITATION. INITIATIVE STATUTE.",initiative,2008 GENERAL,2008-11-04,"",2017-10-25 02:25:12.122196+00,2017-10-25 02:25:12.122217+00,ocd-contest/8d221564-2259-4d79-a687-a4caefcd57ff,ocd-election/abee92f4-d008-4f63-8b4d-02f022576994,1303172
PROPOSITION 006 - POLICE AND LAW ENFORCEMENT FUNDING. CRIMINAL PENALTIES AND LAWS. INITIATIVE STATUTE.,initiative,2008 GENERAL,2008-11-04,"",2017-10-25 02:25:12.150939+00,2017-10-25 02:25:12.150959+00,ocd-contest/eff548ee-818d-4c58-828c-aa2fbd6a9921,ocd-election/abee92f4-d008-4f63-8b4d-02f022576994,1304171
PROPOSITION 007 - RENEWABLE ENERGY GENERATION. INITIATIVE STATUTE.,initiative,2008 GENERAL,2008-11-04,"",2017-10-25 02:25:12.179274+00,2017-10-25 02:25:12.179295+00,ocd-contest/3453f1c0-9321-4569-9c83-ccfe0c2d6965,ocd-election/abee92f4-d008-4f63-8b4d-02f022576994,1303161
PROPOSITION 008 - ELIMINATES RIGHT OF SAME-SEX COUPLES TO MARRY. INITIATIVE CONSTITUTIONAL AMENDMENT.,initiative,2008 GENERAL,2008-11-04,"",2017-10-25 02:25:12.207913+00,2017-10-25 02:25:12.207934+00,ocd-contest/5655d735-e438-456d-8fe3-720ed0ed704c,ocd-election/abee92f4-d008-4f63-8b4d-02f022576994,1302602
PROPOSITION 009 - CRIMINAL JUSTICE SYSTEM. VICTIMS' RIGHTS. PAROLE. INITIATIVE CONSTITUTIONAL AMENDMENT AND STATUTE.,initiative,2008 GENERAL,2008-11-04,"",2017-10-25 02:25:12.240263+00,2017-10-25 02:25:12.240284+00,ocd-contest/8aa43cfb-e0ac-458b-9528-1687ae55d8d4,ocd-election/abee92f4-d008-4f63-8b4d-02f022576994,1304168
PROPOSITION 010 - ALTERNATIVE FUEL VEHICLES AND RENEWABLE ENERGY. BONDS. INITIATIVE STATUTE.,initiative,2008 GENERAL,2008-11-04,"",2017-10-25 02:25:12.269136+00,2017-10-25 02:25:12.269156+00,ocd-contest/84db6163-656f-4271-9aa7-d52e124dad82,ocd-election/abee92f4-d008-4f63-8b4d-02f022576994,1304276
PROPOSITION 011 - REDISTRICTING. INITIATIVE CONSTITUTIONAL AMENDMENT AND STATUTE.,initiative,2008 GENERAL,2008-11-04,"",2017-10-25 02:25:12.297398+00,2017-10-25 02:25:12.297418+00,ocd-contest/8dfffce2-8ce9-48fc-acb8-bb1615defe87,ocd-election/abee92f4-d008-4f63-8b4d-02f022576994,1303165
PROPOSITION 012 - VETERANS' BOND ACT OF 2008.,ballot measure,2008 GENERAL,2008-11-04,"",2017-10-25 02:25:12.325792+00,2017-10-25 02:25:12.325812+00,ocd-contest/b70232be-b77d-4ebb-9498-c6d471367f70,ocd-election/abee92f4-d008-4f63-8b4d-02f022576994,1308397
PROP 98 - EMINENT DOMAIN. LIMITS ON GOVERNMENT AUTHORITY. INITIATIVE CONSTITUTIONAL AMENDMENT.,initiative,2008 PRIMARY,2008-06-03,"",2017-10-25 02:25:11.755355+00,2017-10-25 02:25:11.755375+00,ocd-contest/0b56f42a-2195-4e75-bf2c-4f81d4095789,ocd-election/72cefb26-db0f-4239-aca9-220e44cf0323,1299308
PROP 99 - EMINENT DOMAIN. LIMITS ON GOVERNMENT ACQUISITION OF OWNER-OCCUPIED RESIDENCE. INITIATIVE CONSTITUTIONAL AMENDMENT.,initiative,2008 PRIMARY,2008-06-03,"",2017-10-25 02:25:11.78261+00,2017-10-25 02:25:11.78263+00,ocd-contest/10eabdae-f781-42ad-9d09-84a2e458e07d,ocd-election/72cefb26-db0f-4239-aca9-220e44cf0323,1299473
PROP 91 - TRANSPORTATION FUNDING. INITIATIVE CONSTITUTIONAL AMENDMENT AND STATUTE.,initiative,2008 PRESIDENTIAL PRIMARY AND SPECIAL ELECTIONS,2008-02-05,"",2017-10-25 02:25:11.811338+00,2017-10-25 02:25:11.811359+00,ocd-contest/00b0346b-d2cd-4319-a95e-5cb8378d69a2,ocd-election/f7cd0095-de1f-4da5-aef1-2bfef19061c7,1283435
PROP 92 - COMMUNITY COLLEGES. FUNDING. GOVERNANCE. FEES. INITIATIVE CONSTITUTIONAL AMENDMENT AND STATUTE.,initiative,2008 PRESIDENTIAL PRIMARY AND SPECIAL ELECTIONS,2008-02-05,"",2017-10-25 02:25:11.839697+00,2017-10-25 02:25:11.839718+00,ocd-contest/591256c0-76db-4658-9b07-5e2a8f224883,ocd-election/f7cd0095-de1f-4da5-aef1-2bfef19061c7,1297596
PROP 93 - LIMITS ON LEGISLATORS' TERMS IN OFFICE. INITIATIVE CONSTITUTIONAL AMENDMENT.,initiative,2008 PRESIDENTIAL PRIMARY AND SPECIAL ELECTIONS,2008-02-05,"",2017-10-25 02:25:11.868445+00,2017-10-25 02:25:11.868466+00,ocd-contest/3880607d-32bf-46d2-82f1-53951344919d,ocd-election/f7cd0095-de1f-4da5-aef1-2bfef19061c7,1299177
"PROP 94 - REFERENDUM ON AMENDMENT TO INDIAN GAMING COMPACT. (CHAPTER 40, STATUTES OF 2007)",referendum,2008 PRESIDENTIAL PRIMARY AND SPECIAL ELECTIONS,2008-02-05,"",2017-10-25 02:25:11.896645+00,2017-10-25 02:25:11.896665+00,ocd-contest/3d2c9bff-1db4-4a9f-ad17-c652c0de860e,ocd-election/f7cd0095-de1f-4da5-aef1-2bfef19061c7,1300220
"PROP 95 - REFERENDUM ON AMENDMENT TO INDIAN GAMING COMPACT. (CHAPTER 38, STATUTES OF 2007)",referendum,2008 PRESIDENTIAL PRIMARY AND SPECIAL ELECTIONS,2008-02-05,"",2017-10-25 02:25:11.924976+00,2017-10-25 02:25:11.924996+00,ocd-contest/156cf46f-fa37-41eb-af0e-1a906a38ab76,ocd-election/f7cd0095-de1f-4da5-aef1-2bfef19061c7,1300218
"PROP 96 - REFERENDUM ON AMENDMENT TO INDIAN GAMING COMPACT. (CHAPTER 39, STATUTES OF 2007)",referendum,2008 PRESIDENTIAL PRIMARY AND SPECIAL ELECTIONS,2008-02-05,"",2017-10-25 02:25:11.952888+00,2017-10-25 02:25:11.952908+00,ocd-contest/f7469774-6b8e-4108-b636-76a00564ecfb,ocd-election/f7cd0095-de1f-4da5-aef1-2bfef19061c7,1300219
"PROP 97 - REFERENDUM ON AMENDMENT TO INDIAN GAMING COMPACT. (CHAPTER 41, STATUTES OF 2007)",referendum,2008 PRESIDENTIAL PRIMARY AND SPECIAL ELECTIONS,2008-02-05,"",2017-10-25 02:25:11.981305+00,2017-10-25 02:25:11.981326+00,ocd-contest/3204dcb1-20d2-4028-97a8-83e8375437bb,ocd-election/f7cd0095-de1f-4da5-aef1-2bfef19061c7,1300221
"PROP 1A - SCA 7 (RESOLUTION 49, 2006). TORLAKSON. TRANSPORTATION INVESTMENT FUND.",ballot measure,2006 GENERAL,2006-11-07,"",2017-10-25 02:25:12.582018+00,2017-10-25 02:25:12.582039+00,ocd-contest/12d8791b-c322-4817-81a7-34333118b732,ocd-election/b707672c-13fd-466e-ad00-bc936976a0cd,1286823
"PROP 1B - SB 1266 (CHAPTER 25, 2006). PERATA. HIGHWAY SAFETY, TRAFFIC REDUCTION, AIR QUALITY, PORT SECURITY BOND ACT",ballot measure,2006 GENERAL,2006-11-07,"",2017-10-25 02:25:12.61139+00,2017-10-25 02:25:12.61141+00,ocd-contest/18c2f070-326b-466d-ad35-93258cd8a6f9,ocd-election/b707672c-13fd-466e-ad00-bc936976a0cd,1286824
"PROP 1C - SB 1689 (CHAPTER 25, 2006). PERATA. HOUSING AND EMERGENCY SHELTER TRUST FUND ACT OF 2006.",ballot measure,2006 GENERAL,2006-11-07,"",2017-10-25 02:25:12.640574+00,2017-10-25 02:25:12.640595+00,ocd-contest/2bed1435-c011-4cb1-879a-e60b58c72342,ocd-election/b707672c-13fd-466e-ad00-bc936976a0cd,1286826
"PROP 1D - AB 127 (CHAPTER 35, 2006). NUNEZ. EDUCATION FACILITIES: KINDERGARTEN-UNIVERSITY PUBLIC EDUCATION FACILITIES BOND ACT OF 2006.",ballot measure,2006 GENERAL,2006-11-07,"",2017-10-25 02:25:12.669075+00,2017-10-25 02:25:12.669096+00,ocd-contest/0fe3d4d9-05f0-4002-a508-345f7c402142,ocd-election/b707672c-13fd-466e-ad00-bc936976a0cd,1286827
"PROP 1E - AB 140 (CHAPTER 33, 2006). NUNEZ. DISASTER PREPAREDNESS AND FLOOD PREVENTION BOND ACT OF 2006.",ballot measure,2006 GENERAL,2006-11-07,"",2017-10-25 02:25:12.697496+00,2017-10-25 02:25:12.697516+00,ocd-contest/e7932e30-04f9-43f1-a6fd-8642759a1efd,ocd-election/b707672c-13fd-466e-ad00-bc936976a0cd,1286828
"PROP 83 - SEX OFFENDERS. SEXUALLY VIOLENT PREDATORS. PUNISHMENT, RESIDENCE RESTRICTIONS AND MONITORING. INITIATIVE STATUTE.",initiative,2006 GENERAL,2006-11-07,"",2017-10-25 02:25:12.726138+00,2017-10-25 02:25:12.726159+00,ocd-contest/4941e822-fcec-4e25-927c-cf24dfe7f1c9,ocd-election/b707672c-13fd-466e-ad00-bc936976a0cd,1285554
"PROP 84 - WATER QUALITY, SAFETY AND SUPPLY. FLOOD CONTROL. NATURAL RESOURCE PROTECTION. PARK IMPROVEMENTS. BONDS. INITIATIVE STATUTE.",initiative,2006 GENERAL,2006-11-07,"",2017-10-25 02:25:12.754976+00,2017-10-25 02:25:12.754996+00,ocd-contest/83edcef9-fe79-4f68-9f64-37c7c9e8bcc7,ocd-election/b707672c-13fd-466e-ad00-bc936976a0cd,1283864
PROP 85 - WAITING PERIOD AND PARENTAL NOTIFICATION BEFORE TERMINATION OF MINOR'S PREGNANCY. INITIATIVE CONSTITUTIONAL AMENDMENT.,initiative,2006 GENERAL,2006-11-07,"",2017-10-25 02:25:12.785131+00,2017-10-25 02:25:12.785152+00,ocd-contest/d404e361-97eb-4b97-9caa-d35c9e18a63c,ocd-election/b707672c-13fd-466e-ad00-bc936976a0cd,1283871
PROP 86 - TAX ON CIGARETTES. INITIATIVE CONSTITUTIONAL AMENDMENT AND STATUTE.,initiative,2006 GENERAL,2006-11-07,"",2017-10-25 02:25:12.813989+00,2017-10-25 02:25:12.814009+00,ocd-contest/de47e973-70ca-4ffb-9d26-2f84a7f7eb49,ocd-election/b707672c-13fd-466e-ad00-bc936976a0cd,1285369
"PROP 87 - ALTERNATIVE ENERGY. RESEARCH, PRODUCTION, INCENTIVES. TAX ON CALIFORNIA OIL. INITIATIVE CONSTITUTIONAL AMENDMENT AND STATUTE.",initiative,2006 GENERAL,2006-11-07,"",2017-10-25 02:25:12.843444+00,2017-10-25 02:25:12.843465+00,ocd-contest/512b039f-302b-48a8-8398-6e5f52a108d4,ocd-election/b707672c-13fd-466e-ad00-bc936976a0cd,1284170
PROP 88 - EDUCATION FUNDING. REAL PROPERTY PARCEL TAX. INITIATIVE CONSTITUTIONAL AMENDMENT AND STATUTE.,initiative,2006 GENERAL,2006-11-07,"",2017-10-25 02:25:12.872028+00,2017-10-25 02:25:12.872048+00,ocd-contest/55dd0980-9b12-45dc-9863-748132589f5e,ocd-election/b707672c-13fd-466e-ad00-bc936976a0cd,1284115
PROP 89 - POLITICAL CAMPAIGNS. PUBLIC FINANCING. CORPORATE TAX INCREASE. CONTRIBUTION AND EXPENDITURE LIMITS. INITIATIVE STATUTE.,initiative,2006 GENERAL,2006-11-07,"",2017-10-25 02:25:12.900117+00,2017-10-25 02:25:12.900138+00,ocd-contest/f361f432-2df5-420d-9bd0-cd330ff246eb,ocd-election/b707672c-13fd-466e-ad00-bc936976a0cd,1285981
"PROP 90 - GOVERNMENT ACQUISITION, REGULATION OF PRIVATE PROPERTY. INITIATIVE CONSTITUTIONAL AMENDMENT.",initiative,2006 GENERAL,2006-11-07,"",2017-10-25 02:25:12.928772+00,2017-10-25 02:25:12.928793+00,ocd-contest/0f682be2-6224-4616-b661-a150c6ea991f,ocd-election/b707672c-13fd-466e-ad00-bc936976a0cd,1284381
"PROP 81 - SB 1161 (CHAPTER 698, 2004). ALPERT. CALIFORNIA READING AND LITERACY IMPROVEMENT AND PUBLIC LIBRARY CONSTRUCTION AND RENOVATION BOND ACT OF 2006.",ballot measure,2006 PRIMARY,2006-06-06,"",2017-10-25 02:25:12.95717+00,2017-10-25 02:25:12.957189+00,ocd-contest/f0dbc7c3-1d43-4bf3-8c9c-54ce95b5697c,ocd-election/576e1963-6ece-47d9-8ca9-87b1c5101240,1276095
"PROP 82 - PUBLIC PRESCHOOL EDUCATION. TAX INCREASE ON INCOMES OVER $400,000 FOR INDIVIDUALS; $800,000 FOR COUPLES. INITIATIVE CONSTITUTIONAL AMENDMENT AND STATUTE.",initiative,2006 PRIMARY,2006-06-06,"",2017-10-25 02:25:12.98537+00,2017-10-25 02:25:12.98539+00,ocd-contest/abc97913-4ba4-4455-8e2b-87948d076b8c,ocd-election/576e1963-6ece-47d9-8ca9-87b1c5101240,1282459
PROP 73 - TERMINATION OF MINOR'S PREGNANCY. WAITING PERIOD AND PARENTAL NOTIFICATION. INITIATIVE CONSTITUTIONAL AMENDMENT.,initiative,2005 SPECIAL ELECTION,2005-11-08,"",2017-10-25 02:25:12.353893+00,2017-10-25 02:25:12.353914+00,ocd-contest/4c9ecf70-b994-4a5a-a596-318ff6bbd252,ocd-election/004c0394-650c-4da8-b17f-ef105f6839c0,1276349
PROP 74 - PUBLIC SCHOOL TEACHERS. WAITING PERIOD FOR PERMANENT STATUS. DISMISSAL. INITIATIVE STATUTE.,initiative,2005 SPECIAL ELECTION,2005-11-08,"",2017-10-25 02:25:12.381546+00,2017-10-25 02:25:12.381566+00,ocd-contest/dc5376d7-53d7-4f4a-b60a-854df5647369,ocd-election/004c0394-650c-4da8-b17f-ef105f6839c0,1275738
PROP 75 - PUBLIC EMPLOYEE UNION DUES. REQUIRED EMPLOYEE CONSENT FOR POLITICAL CONTRIBUTIONS. INITIATIVE STATUTE.,initiative,2005 SPECIAL ELECTION,2005-11-08,"",2017-10-25 02:25:12.409753+00,2017-10-25 02:25:12.409773+00,ocd-contest/17e0bc38-a87e-4d1b-aeae-45530d391582,ocd-election/004c0394-650c-4da8-b17f-ef105f6839c0,1276369
PROP 76 - SCHOOL FUNDING. STATE SPENDING. INITIATIVE CONSTITUTIONAL AMENDMENT.,initiative,2005 SPECIAL ELECTION,2005-11-08,"",2017-10-25 02:25:12.437973+00,2017-10-25 02:25:12.437993+00,ocd-contest/5838bbbd-4ce8-4394-8e39-84c1877fc8b8,ocd-election/004c0394-650c-4da8-b17f-ef105f6839c0,1276374
PROP 77 - REAPPORTIONMENT. INITIATIVE CONSTITUTIONAL AMENDMENT.,initiative,2005 SPECIAL ELECTION,2005-11-08,"",2017-10-25 02:25:12.466047+00,2017-10-25 02:25:12.466068+00,ocd-contest/744778a4-c7ca-4d14-a563-a45365839b99,ocd-election/004c0394-650c-4da8-b17f-ef105f6839c0,1276356
PROP 78 - PRESCRIPTION DRUGS. DISCOUNTS. INITIATIVE STATUTE.,initiative,2005 SPECIAL ELECTION,2005-11-08,"",2017-10-25 02:25:12.494314+00,2017-10-25 02:25:12.494335+00,ocd-contest/9f0b53d2-c951-4c14-ba86-6c7cf25b2fb2,ocd-election/004c0394-650c-4da8-b17f-ef105f6839c0,1275966
PROP 79 - PRESCRIPTION DRUG DISCOUNTS. STATE-NEGOTIATED REBATES. INITIATIVE STATUTE.,initiative,2005 SPECIAL ELECTION,2005-11-08,"",2017-10-25 02:25:12.523292+00,2017-10-25 02:25:12.523312+00,ocd-contest/3ef51608-c810-4d64-b901-f5606f82e441,ocd-election/004c0394-650c-4da8-b17f-ef105f6839c0,1276277
PROP 80 - ELECTRIC SERVICE PROVIDERS. REGULATION. INITIATIVE STATUTE.,initiative,2005 SPECIAL ELECTION,2005-11-08,"",2017-10-25 02:25:12.552217+00,2017-10-25 02:25:12.552237+00,ocd-contest/60dee67f-e05f-416a-a01e-e7ce7c2910bf,ocd-election/004c0394-650c-4da8-b17f-ef105f6839c0,1275935
"PROP 1A - SCA 4 (RESOLUTION CHAPTER 133, STATUTES OF 2004). TORLAKSON. PROTECTION OF LOCAL GOVERNMENT REVENUES.",ballot measure,2004 GENERAL,2004-11-02,"",2017-10-25 02:25:10.137438+00,2017-10-25 02:25:10.137458+00,ocd-contest/1ff4b3c8-bc47-4603-9671-7b5c1528ca5e,ocd-election/52d53078-e17c-44a8-b47c-50796e7d945e,1267682
"PROP 59 - SCA 1 (RESOLUTION CHAPTER 1, STATUTES OF 2004). BURTON. ACCESS TO GOVERNMENT INFORMATION",ballot measure,2004 GENERAL,2004-11-02,"",2017-10-25 02:25:10.167137+00,2017-10-25 02:25:10.167169+00,ocd-contest/cb68d0fb-d332-4d9a-84d4-c85b0e32bbce,ocd-election/52d53078-e17c-44a8-b47c-50796e7d945e,1265077
"PROP 60A - SCA (RESOLUTION CHAPTER 103, 2004). JOHNSON. SURPLUS PROPERTY. LEGISLATIVE CONSTITUTIONAL AMENDMENT.",ballot measure,2004 GENERAL,2004-11-02,"",2017-10-25 02:25:10.195943+00,2017-10-25 02:25:10.195964+00,ocd-contest/47f11a7d-d447-4e15-98ae-2024b5255e6c,ocd-election/52d53078-e17c-44a8-b47c-50796e7d945e,1267683
"PROP 60 - SCA 18 (RESOLUTION CHAPTER 103, 2004). JOHNSON. ELECTION RIGHTS OF POLITICAL PARTIES. SURPLUS PROPERTY. LEGISLATIVE CONSTITUTIONAL AMENDMENT.",ballot measure,2004 GENERAL,2004-11-02,"",2017-10-25 02:25:10.224686+00,2017-10-25 02:25:10.224707+00,ocd-contest/c719ff19-f28a-4191-9ba0-e175e8b55f4b,ocd-election/52d53078-e17c-44a8-b47c-50796e7d945e,1266469
PROP 61 - CHILDREN'S HOSPITAL PROJECTS. GRANT PROGRAM. BOND ACT. INITIATIVE STATUTE.,initiative,2004 GENERAL,2004-11-02,"",2017-10-25 02:25:10.253611+00,2017-10-25 02:25:10.253632+00,ocd-contest/0685a43a-b7b0-46c6-ba72-1a7274abddf6,ocd-election/52d53078-e17c-44a8-b47c-50796e7d945e,1260985
PROP 62 - ELECTIONS. PRIMARIES. INITIATIVE CONSTITUTIONAL AMENDMENT AND STATUTE.,initiative,2004 GENERAL,2004-11-02,"",2017-10-25 02:25:10.282746+00,2017-10-25 02:25:10.282767+00,ocd-contest/787d427a-48f2-4af0-b6c8-2c5b54bb1e37,ocd-election/52d53078-e17c-44a8-b47c-50796e7d945e,1260856
PROP 63 - MENTAL HEALTH SERVICES EXPANSION AND FUNDING. TAX ON INCOMES OVER $1 MILLION. INITIATIVE STATUTE.,initiative,2004 GENERAL,2004-11-02,"",2017-10-25 02:25:10.311366+00,2017-10-25 02:25:10.311387+00,ocd-contest/05b48a3e-6c78-4a7c-b5cb-dcee4349ebe4,ocd-election/52d53078-e17c-44a8-b47c-50796e7d945e,1260927
PROP 64 - LIMITATIONS ON ENFORCEMENT OF UNFAIR BUSINESS COMPETITION LAWS. INITIATIVE STATUTE,initiative,2004 GENERAL,2004-11-02,"",2017-10-25 02:25:10.339723+00,2017-10-25 02:25:10.339743+00,ocd-contest/1eae8393-2ae0-464b-ac29-b72e8ee7926b,ocd-election/52d53078-e17c-44a8-b47c-50796e7d945e,1264264
PROP 65 - LOCAL GOVERNMENT FUNDS AND REVENUES. STATE MANDATES. INITIATIVE CONSTITUTIONAL AMENDMENT.,initiative,2004 GENERAL,2004-11-02,"",2017-10-25 02:25:10.368111+00,2017-10-25 02:25:10.368132+00,ocd-contest/ca06e24b-40ff-4083-98cc-9a83fac545ff,ocd-election/52d53078-e17c-44a8-b47c-50796e7d945e,1264316
"PROP 66 - LIMITATIONS ON ""THREE STRIKES"" LAW. SEX CRIMES. PUNISHMENT. INITIATIVE STATUTE.",initiative,2004 GENERAL,2004-11-02,"",2017-10-25 02:25:10.396828+00,2017-10-25 02:25:10.396852+00,ocd-contest/47e0bbdd-3499-4e7b-9ffe-5f829da27c34,ocd-election/52d53078-e17c-44a8-b47c-50796e7d945e,1264261
PROP 67 - EMERGENCY AND MEDICAL SERVICES. FUNDING. TELEPHONE SURCHAGE. INITIATIVE CONSTITUTIONAL AMENDMENT AND STATUTE.,initiative,2004 GENERAL,2004-11-02,"",2017-10-25 02:25:10.425057+00,2017-10-25 02:25:10.425078+00,ocd-contest/570896bb-cad0-4717-91ae-c6a62f6c5843,ocd-election/52d53078-e17c-44a8-b47c-50796e7d945e,1263795
"PROP 68 - TRIBAL GAMING COMPACT RENEGOTIATION. NON-TRIBAL COMMERCIAL GAMBLING EXPANSION. REVENUES, TAX EXEMPTIONS. INITIATIVE CONSTITUTIONAL AMENDMENT AND STATUTE.",initiative,2004 GENERAL,2004-11-02,"",2017-10-25 02:25:10.453204+00,2017-10-25 02:25:10.453224+00,ocd-contest/088e2542-d0d6-47ab-9caf-162345323685,ocd-election/52d53078-e17c-44a8-b47c-50796e7d945e,1263263
PROP 69 - DNA SAMPLES. COLLECTION. DATABASE. FUNDING. INITIATIVE STATUTE.,initiative,2004 GENERAL,2004-11-02,"",2017-10-25 02:25:10.481379+00,2017-10-25 02:25:10.481399+00,ocd-contest/04558348-b03f-4647-b0f8-c8f75af01e22,ocd-election/52d53078-e17c-44a8-b47c-50796e7d945e,1264308
PROP 70 - TRIBAL GAMING COMPACTS. EXCLUSIVE GAMING RIGHTS. CONTRIBUTIONS TO STATE. INITIATIVE CONSTITUTIONAL AMENDMENT AND STATUTE.,initiative,2004 GENERAL,2004-11-02,"",2017-10-25 02:25:10.509669+00,2017-10-25 02:25:10.50969+00,ocd-contest/edd4b344-ae15-4ab4-8a16-7c12f399bc26,ocd-election/52d53078-e17c-44a8-b47c-50796e7d945e,1264620
PROP 71 - STEM CELL RESEARCH. FUNDING. BONDS. INITIATIVE CONSTITUTIONAL AMENDMENT AND STATUTE.,initiative,2004 GENERAL,2004-11-02,"",2017-10-25 02:25:10.537653+00,2017-10-25 02:25:10.537673+00,ocd-contest/a2a8d031-2d0b-4e3f-b8ca-024507ba145e,ocd-election/52d53078-e17c-44a8-b47c-50796e7d945e,1265692
PROP 72 - REFERENDUM PETITION TO OVERTURN AMENDMENTS TO HEALTH CARE COVERAGE REQUIREMENTS.,referendum,2004 GENERAL,2004-11-02,"",2017-10-25 02:25:10.566061+00,2017-10-25 02:25:10.566082+00,ocd-contest/63c75b7f-930b-400d-98c3-f3831f6bc7e7,ocd-election/52d53078-e17c-44a8-b47c-50796e7d945e,1260875
PROP 55 - KINDERGARTEN-UNIVERSITY PUBLIC EDUCATION FACILITIES BOND ACT OF 2004.,ballot measure,2004 PRIMARY,2004-03-02,"",2017-10-25 02:25:10.022133+00,2017-10-25 02:25:10.022153+00,ocd-contest/9cea62fc-f769-47c7-8699-b8c240c1352c,ocd-election/bc5aef8c-53d8-43f1-bf0b-7282adc717af,1255049
"PROP 56 - STATE BUDGET, RELATED TAXES, AND RESERVE. VOTING REQUIREMENTS. PENALTIES. INITIATIVE CONSTITUTIONAL AMENDMENT.",initiative,2004 PRIMARY,2004-03-02,"",2017-10-25 02:25:10.051302+00,2017-10-25 02:25:10.051322+00,ocd-contest/6595e344-61dc-4290-90aa-387b1422e42b,ocd-election/bc5aef8c-53d8-43f1-bf0b-7282adc717af,1260878
"PROP 57 - ABX5 9 (CHAPTER 2, STATUTES 2003, 5TH EXTRAORDINARY SESSION). OROPEZA. ECONOMIC RECOVERY BONDS.",ballot measure,2004 PRIMARY,2004-03-02,"",2017-10-25 02:25:10.079669+00,2017-10-25 02:25:10.07969+00,ocd-contest/dafc1e1f-0020-492a-bb24-e8af24327e6e,ocd-election/bc5aef8c-53d8-43f1-bf0b-7282adc717af,1261013
"PROP 58 - ABX5 5 (RESOLUTION CHAPTER 1, STATUTES OF 2003, 5TH EXTRAORDINARY SESSION). OROPEZA. STATE FINANCE.",ballot measure,2004 PRIMARY,2004-03-02,"",2017-10-25 02:25:10.108167+00,2017-10-25 02:25:10.108188+00,ocd-contest/29081547-56d0-45b7-a0f4-7e06c4b2bdb5,ocd-election/bc5aef8c-53d8-43f1-bf0b-7282adc717af,1261015
PROP 53 - INFRASTRUCTURE: FINANCE.,ballot measure,2003 SPECIAL ELECTION,2003-10-07,"",2017-10-25 02:25:10.594684+00,2017-10-25 02:25:10.594704+00,ocd-contest/066ed58d-75ef-47cf-b56f-5d20a4581163,ocd-election/cad3151f-5aef-4c59-96aa-b1eaa2d5fe58,1255050
"PROP 54 - CLASSIFICATION BY RACE, ETHNICITY, COLOR OR NATIONAL ORIGIN.",ballot measure,2003 SPECIAL ELECTION,2003-10-07,"",2017-10-25 02:25:10.622927+00,2017-10-25 02:25:10.622947+00,ocd-contest/1d853c4e-4051-4339-a6cd-b40cca019b5c,ocd-election/cad3151f-5aef-4c59-96aa-b1eaa2d5fe58,1244577
PROP 46 - HOUSING AND EMERGENCY SHELTER TRUST FUND ACT OF 2002.,ballot measure,2002 GENERAL,2002-11-05,"",2017-10-25 02:25:10.876341+00,2017-10-25 02:25:10.876362+00,ocd-contest/a765dc51-8b0d-48c2-9e83-c83f9ff0e161,ocd-election/dc12271a-d584-45c5-ba65-da7727dab42a,1244959
PROP 47 - KINDERGARTEN-UNIVERSITY PUBLIC EDUCATION FACILITIES BOND ACT OF 2002.,ballot measure,2002 GENERAL,2002-11-05,"",2017-10-25 02:25:10.903743+00,2017-10-25 02:25:10.903763+00,ocd-contest/74809bb1-57f3-4cf5-a214-35029d9014f6,ocd-election/dc12271a-d584-45c5-ba65-da7727dab42a,1244960
PROP 48 - COURT CONSOLIDATION. LEGISLATIVE CONSTITUTIONAL AMENDMENT.,ballot measure,2002 GENERAL,2002-11-05,"",2017-10-25 02:25:10.93099+00,2017-10-25 02:25:10.93101+00,ocd-contest/b75cbf2b-9fe3-4b29-8255-c9024e250f2e,ocd-election/dc12271a-d584-45c5-ba65-da7727dab42a,1245253
PROP 49 - BEFORE AND AFTER SCHOOL PROGRAMS. STATE GRANTS. INITIATIVE STATUTE.,initiative,2002 GENERAL,2002-11-05,"",2017-10-25 02:25:10.958851+00,2017-10-25 02:25:10.958872+00,ocd-contest/036adc10-c3be-44a7-8a73-cf132d8e8deb,ocd-election/dc12271a-d584-45c5-ba65-da7727dab42a,1245288
"PROP 50 - WATER QUALITY, SUPPLY AND SAFE DRINKING WATER PROJECTS. COASTAL WETLANDS PURCHASE AND PROTECTION. BONDS. INITIATIVE STATUTE.",initiative,2002 GENERAL,2002-11-05,"",2017-10-25 02:25:10.986732+00,2017-10-25 02:25:10.986752+00,ocd-contest/2a8aadaf-669c-411b-9fe7-d52e3a03eb91,ocd-election/dc12271a-d584-45c5-ba65-da7727dab42a,1244594
PROP 51 - TRANSPORTATION. DISTRIBUTION OF EXISTING MOTOR VEHICLE SALES AND USE TAX. INITIATIVE STATUTE.,initiative,2002 GENERAL,2002-11-05,"",2017-10-25 02:25:11.015219+00,2017-10-25 02:25:11.01524+00,ocd-contest/a29a8e75-3d79-4206-a021-9749bd96a997,ocd-election/dc12271a-d584-45c5-ba65-da7727dab42a,1244589
PROP 52 - ELECTION DAY VOTER REGISTRATION. VOTER FRAUD PENALITIES. INITATIVE STATUTE.,initiative,2002 GENERAL,2002-11-05,"",2017-10-25 02:25:11.043289+00,2017-10-25 02:25:11.043309+00,ocd-contest/9a16e7c1-2e8e-4ec9-8f6f-dc40f80f0748,ocd-election/dc12271a-d584-45c5-ba65-da7727dab42a,1244588
"PROP 40 - CALIFORNIA CLEAN WATER, CLEAN AIR, SAFE NEIGHBORHOOD PARKS, AND COASTAL PROTECTION ACT OF 2002. AB. 1602 (2001)",ballot measure,2002 PRIMARY,2002-03-05,"",2017-10-25 02:25:11.071395+00,2017-10-25 02:25:11.071415+00,ocd-contest/61fb1474-6eb7-410a-a78e-9e6dddfd0926,ocd-election/56f52fa4-513c-4427-aed5-ec3d9cc88f80,1239148
PROP 41 - VOTING MODERNIZATION ACT OF 2002. AB 56 (2001),ballot measure,2002 PRIMARY,2002-03-05,"",2017-10-25 02:25:11.099306+00,2017-10-25 02:25:11.099326+00,ocd-contest/c8ab7787-4e22-4dc0-b342-6a39adff6bba,ocd-election/56f52fa4-513c-4427-aed5-ec3d9cc88f80,1239150
PROP 42 - TRANSPORTATION FUNDING: SALES AND USE TAX REVENUES. ACA 4. (2001),ballot measure,2002 PRIMARY,2002-03-05,"",2017-10-25 02:25:11.12706+00,2017-10-25 02:25:11.127081+00,ocd-contest/3d5215ed-ca52-48b7-bdf6-9c0f19e43540,ocd-election/56f52fa4-513c-4427-aed5-ec3d9cc88f80,1238835
PROP 43 - RIGHT TO HAVE VOTE COUNTED. ACA 9. (2001).,ballot measure,2002 PRIMARY,2002-03-05,"",2017-10-25 02:25:11.155536+00,2017-10-25 02:25:11.155556+00,ocd-contest/426b730a-a820-4e1c-aff9-ab57b326379f,ocd-election/56f52fa4-513c-4427-aed5-ec3d9cc88f80,1238846
PROP 44 - INSURANCE FRAUD. SB 1988. (2000).,ballot measure,2002 PRIMARY,2002-03-05,"",2017-10-25 02:25:11.183464+00,2017-10-25 02:25:11.183484+00,ocd-contest/8b5aa0fc-e7ef-411b-97b8-e1d869fb82c8,ocd-election/56f52fa4-513c-4427-aed5-ec3d9cc88f80,1238847
PROP 45 - LEGISLATIVE TERM LIMITS. LOCAL VOTER PETITIONS. INITIATIVE CONSTITUTIONAL AMENDMENT.,initiative,2002 PRIMARY,2002-03-05,"",2017-10-25 02:25:11.212569+00,2017-10-25 02:25:11.21259+00,ocd-contest/58a116cf-31fa-4890-8b53-619668c2f1a8,ocd-election/56f52fa4-513c-4427-aed5-ec3d9cc88f80,1237346
PROP 32 - VETERANS' BOND ACT OF 2000,ballot measure,2000 GENERAL,2000-11-07,"",2017-10-25 02:25:08.83233+00,2017-10-25 02:25:08.832351+00,ocd-contest/5d7e9fa6-c8a6-4321-a5b2-117b3915b991,ocd-election/1a2b8d1f-90ef-497c-b605-3660bd26f820,1225295
PROP 33 - LEGISLATURE. PARTICIPATION IN PUBLIC EMPLOYEES' RETIREMENT SYSTEM. LEGISLATIVE CONSTITUTIONAL AMENDMENT.,ballot measure,2000 GENERAL,2000-11-07,"",2017-10-25 02:25:08.863709+00,2017-10-25 02:25:08.863729+00,ocd-contest/f3b04afe-feff-4bc5-92ac-f73d018e408f,ocd-election/1a2b8d1f-90ef-497c-b605-3660bd26f820,1225298
PROP 34 - CAMPAIGN CONTRIBUTIONS AND SPENDING. LIMITS. DISCLOSURE. LEGISLATIVE INITIATIVE AMENDMENT.,initiative,2000 GENERAL,2000-11-07,"",2017-10-25 02:25:08.891831+00,2017-10-25 02:25:08.891851+00,ocd-contest/5fbfa76f-41a6-4627-90a1-df46e3195327,ocd-election/1a2b8d1f-90ef-497c-b605-3660bd26f820,1225301
PROP 35 - PUBLIC WORKS PROJECTS. USE OF PRIVATE CONTRACTORS FOR ENGINEERING AND ARCHITECTURAL SERVICES. INITIATIVE CONSTITUTIONAL AMENDMENT AND STATUTE.,initiative,2000 GENERAL,2000-11-07,"",2017-10-25 02:25:08.919312+00,2017-10-25 02:25:08.919332+00,ocd-contest/ade815aa-79ad-4a15-9cea-2f3cd63b2d97,ocd-election/1a2b8d1f-90ef-497c-b605-3660bd26f820,1007621
PROP 36 - DRUG TREATMENT DIVERSION PROGRAM. INITIATIVE STATUTE.,initiative,2000 GENERAL,2000-11-07,"",2017-10-25 02:25:08.947415+00,2017-10-25 02:25:08.947435+00,ocd-contest/67a18c6c-0c3d-43d5-b3c7-07a81a0a98f2,ocd-election/1a2b8d1f-90ef-497c-b605-3660bd26f820,1221199
PROP 37 - FEES. VOTE REQUIREMENTS. TAXES. INITIATIVE CONSTITUTIONAL AMENDMENT.,initiative,2000 GENERAL,2000-11-07,"",2017-10-25 02:25:08.976029+00,2017-10-25 02:25:08.97605+00,ocd-contest/8b54dec9-2865-4908-98f9-b5bf6ae3e6ab,ocd-election/1a2b8d1f-90ef-497c-b605-3660bd26f820,1224360
PROP 38 - SCHOOL VOUCHERS. STATE-FUNDED PRIVATE AND RELIGIOUS EDUCATION. PUBLIC SCHOOL FUNDING. INITIATIVE CONSTITUTIONAL AMENDMENT.,initiative,2000 GENERAL,2000-11-07,"",2017-10-25 02:25:09.004827+00,2017-10-25 02:25:09.00485+00,ocd-contest/41badbbe-658a-4605-a1b5-340a5d87a55c,ocd-election/1a2b8d1f-90ef-497c-b605-3660bd26f820,1221201
"PROP 39 - SCHOOL FACILITIES. 55% LOCAL VOTE. BONDS, TAXES. ACCOUNTABILITY REQUIREMENTS. INITIATIVE CONSTITUTIONAL AMENDMENT AND STATUTE.",initiative,2000 GENERAL,2000-11-07,"",2017-10-25 02:25:09.033354+00,2017-10-25 02:25:09.033378+00,ocd-contest/6d4c86af-7db7-4854-a291-b0ec41b4ad69,ocd-election/1a2b8d1f-90ef-497c-b605-3660bd26f820,1224425
"PROP 12 - 2000 AB 18 (CHAPTER 461, 1999). VILLARAIGOSA. BOND: PARKS, WATER, COASTAL PROTECTION ACT.",ballot measure,2000 PRIMARY,2000-03-07,"",2017-10-25 02:25:09.060652+00,2017-10-25 02:25:09.060672+00,ocd-contest/cf21f12a-34bf-45f1-aa51-89b08167f0b6,ocd-election/b0c0efd8-2b07-44c4-8399-c30f3332ff49,1007678
"PROP 13 - 2000 AB 1584 (CHAPTER 725, 1999). MACHADO. SAFE DRINKING WATER, CLEAN WATER, WATERSHED PROTECTION, AND FLOOD PROTEC",ballot measure,2000 PRIMARY,2000-03-07,"",2017-10-25 02:25:09.088776+00,2017-10-25 02:25:09.088798+00,ocd-contest/76a010c5-9810-409e-92cf-f2ef55239155,ocd-election/b0c0efd8-2b07-44c4-8399-c30f3332ff49,1007679
"PROP 14 - 2000 SB 3 (CHAPTER 726, 1999). RAINEY. CALIFORNIA READING AND LITERACY IMPROVEMENT AND PUBLIC LIBRARY CONSTRUCTION",ballot measure,2000 PRIMARY,2000-03-07,"",2017-10-25 02:25:09.116829+00,2017-10-25 02:25:09.116849+00,ocd-contest/cb0dc617-3ae9-4e9a-b258-bec2f79bd688,ocd-election/b0c0efd8-2b07-44c4-8399-c30f3332ff49,1007680
"PROP 15 - 2000 AB 1391 (CHAPTER 727, 1999). HERTZBERG. FORENSIC LABORATORIES.",ballot measure,2000 PRIMARY,2000-03-07,"",2017-10-25 02:25:09.144562+00,2017-10-25 02:25:09.144583+00,ocd-contest/fc831e04-a2ed-494b-9e66-0e905e8b515b,ocd-election/b0c0efd8-2b07-44c4-8399-c30f3332ff49,1007681
"PROP 16 - 2000 SB 630 (CHAPTER 728, 1999). DUNN. VETERANS' HOMES.",ballot measure,2000 PRIMARY,2000-03-07,"",2017-10-25 02:25:09.171927+00,2017-10-25 02:25:09.171947+00,ocd-contest/efcadf5f-0bc5-4825-8c6e-acbfad6d84c3,ocd-election/b0c0efd8-2b07-44c4-8399-c30f3332ff49,1007682
"PROP 17 - 2000 SCA 4 (RESOLUTION CHAPTER 123, 1999). MC PHERSON. LOTTERIES: CHARITABLE RAFFLES.",ballot measure,2000 PRIMARY,2000-03-07,"",2017-10-25 02:25:09.199216+00,2017-10-25 02:25:09.199237+00,ocd-contest/bb5d32e4-1373-4e51-81da-49628c01132a,ocd-election/b0c0efd8-2b07-44c4-8399-c30f3332ff49,1007683
"PROP 18 - 2000 SB 1878 (CHAPTER 629, 19998). KOPP. MURDER:      SPECIAL CIRCUMSTANCES.",ballot measure,2000 PRIMARY,2000-03-07,"",2017-10-25 02:25:09.226834+00,2017-10-25 02:25:09.226855+00,ocd-contest/3aa2a9cc-89d0-415f-8508-c00dfb4c407a,ocd-election/b0c0efd8-2b07-44c4-8399-c30f3332ff49,1007684
"PROP 19 - 2000 SB 1690 (CHAPTER 760, 1998). RAINEY. PEACE OFFICERS.",ballot measure,2000 PRIMARY,2000-03-07,"",2017-10-25 02:25:09.254351+00,2017-10-25 02:25:09.254371+00,ocd-contest/9833f938-2c09-4ce5-ad01-6bcbb857bdf5,ocd-election/b0c0efd8-2b07-44c4-8399-c30f3332ff49,1007685
"PROP 1A - 2000.  SCA 11 (RESOLUTION CHAPTER 142, 1999). BURTON. GAMBLING.",ballot measure,2000 PRIMARY,2000-03-07,"",2017-10-25 02:25:09.282194+00,2017-10-25 02:25:09.282215+00,ocd-contest/782138e6-5668-489c-a2a7-5706c42e6312,ocd-election/b0c0efd8-2b07-44c4-8399-c30f3332ff49,1007677
"PROP 20 - 2000 AB 1453 (CHAPTER 800, 1998). CARDENAS. CALIFORNIA STATE LOTTERY: CARDENAS TEXTBOOK ACT OF 2000.",ballot measure,2000 PRIMARY,2000-03-07,"",2017-10-25 02:25:09.311269+00,2017-10-25 02:25:09.311289+00,ocd-contest/02cfd304-685a-490a-8672-daecbf7df86b,ocd-election/b0c0efd8-2b07-44c4-8399-c30f3332ff49,1007686
PROP 21 - 2000 JUVENILE CRIME. INITIATIVE STATUTE.,initiative,2000 PRIMARY,2000-03-07,"",2017-10-25 02:25:09.341519+00,2017-10-25 02:25:09.341539+00,ocd-contest/3dbb4481-00cc-46c1-ba66-244ccee6e1af,ocd-election/b0c0efd8-2b07-44c4-8399-c30f3332ff49,1007515
PROP 22 - 2000 DEFINITION OF MARRIAGE. INITIATIVE STATUTE.,initiative,2000 PRIMARY,2000-03-07,"",2017-10-25 02:25:09.369135+00,2017-10-25 02:25:09.369155+00,ocd-contest/967cadad-ef2a-4825-b39b-2348a82204fc,ocd-election/b0c0efd8-2b07-44c4-8399-c30f3332ff49,1007594
"PROP 23 - 2000 ""NONE OF THE ABOVE"" BALLOT OPTION. INITIATIVE STATUTE.",initiative,2000 PRIMARY,2000-03-07,"",2017-10-25 02:25:09.397187+00,2017-10-25 02:25:09.397207+00,ocd-contest/da127201-fefa-4814-ac6e-12fe5695ce38,ocd-election/b0c0efd8-2b07-44c4-8399-c30f3332ff49,1007628
PROP 25 - 2000 ELECTION CAMPAIGNS. CONTRIBUTION AND SPENDING LIMITS. PUBLIC FINANCING. DISCLOSURES. INITIATIVE STATUTE.,initiative,2000 PRIMARY,2000-03-07,"",2017-10-25 02:25:09.424493+00,2017-10-25 02:25:09.424514+00,ocd-contest/c61becaf-9f67-4c60-b028-9d8fab21289a,ocd-election/b0c0efd8-2b07-44c4-8399-c30f3332ff49,1007655
PROP 26 - 2000 SCHOOL FACILITIES. BONDS. LOCAL MAJORITY VOTE. INITIATIVE STATUTE.,initiative,2000 PRIMARY,2000-03-07,"",2017-10-25 02:25:09.453971+00,2017-10-25 02:25:09.453991+00,ocd-contest/65acce7f-bd57-48bb-bfbc-dafbd5b2593a,ocd-election/b0c0efd8-2b07-44c4-8399-c30f3332ff49,1007623
PROP 27 - 2000 ELECTIONS. TERM LIMITS DECLARATIONS FOR CONGRESSIONAL CANDIDATES. INITIATIVE STATUTE.,initiative,2000 PRIMARY,2000-03-07,"",2017-10-25 02:25:09.513718+00,2017-10-25 02:25:09.513738+00,ocd-contest/e6c203f5-2c2e-41e9-a816-4ec67b9778db,ocd-election/b0c0efd8-2b07-44c4-8399-c30f3332ff49,1007446
PROP 28 - 2000 REPEAL OF ADDITIONAL TOBACCO SURTAX ENACTED BY PROPOSITION 10. INITIATIVE STATUTE.,initiative,2000 PRIMARY,2000-03-07,"",2017-10-25 02:25:09.541289+00,2017-10-25 02:25:09.541309+00,ocd-contest/f9f67e9d-9237-40a1-89b3-1a43956c85b9,ocd-election/b0c0efd8-2b07-44c4-8399-c30f3332ff49,1007626
PROP 29 - 2000 REFERENDUM VOTE TO OVERTURN PREVIOUSLY APPROVED GAMING COMPACTS.,referendum,2000 PRIMARY,2000-03-07,"",2017-10-25 02:25:09.568999+00,2017-10-25 02:25:09.569019+00,ocd-contest/f44c6ddd-9cad-4b00-9ed4-999ac36647d4,ocd-election/b0c0efd8-2b07-44c4-8399-c30f3332ff49,1007614
"PROP 30 - 2000 REFERENDUM PETITION TO OVERTURN ""THE FAIR INSURANCE RESPONSIBILITY ACT.""",referendum,2000 PRIMARY,2000-03-07,"",2017-10-25 02:25:09.596108+00,2017-10-25 02:25:09.596129+00,ocd-contest/72acdb39-ba60-46c2-9862-702c118c4d0d,ocd-election/b0c0efd8-2b07-44c4-8399-c30f3332ff49,1007671
"PROP 31 - 2000 REFERENDUM PETITION TO OVERTURN AMENDMENTS TO ""THE FAIR INSURANCE RESPONSIBILITY ACT.""",referendum,2000 PRIMARY,2000-03-07,"",2017-10-25 02:25:09.623716+00,2017-10-25 02:25:09.623738+00,ocd-contest/54ecb977-6a6b-42fe-9be4-258ea9dfaf95,ocd-election/b0c0efd8-2b07-44c4-8399-c30f3332ff49,1007676
